<?xml version="1.0" encoding="UTF-8"?>
<objects serializationModel="Studio.02.00.00">
	<object class="MixerReturn" id="{eb669af8-1fcb-4ac6-b51c-f71521962251}">
		<property name="overridingInputFormat">
			<value>2</value>
		</property>
		<property name="inputFormatOverridden">
			<value>true</value>
		</property>
		<property name="name">
			<value>Reverb</value>
		</property>
		<relationship name="effectChain">
			<destination>{7a61aa59-916c-4d86-adf1-6e132e9a5ec4}</destination>
		</relationship>
		<relationship name="panner">
			<destination>{ec3712bd-a7b1-4e12-bdb2-273ada7cbfe8}</destination>
		</relationship>
		<relationship name="output">
			<destination>{42ac3ecf-61d3-4a09-9d20-69b9c42f5f4a}</destination>
		</relationship>
	</object>
	<object class="MixerBusEffectChain" id="{7a61aa59-916c-4d86-adf1-6e132e9a5ec4}">
		<relationship name="effects">
			<destination>{213d8f2d-5db0-4529-8734-c9b28a2a552b}</destination>
			<destination>{2012a217-030a-4dbe-a891-bb0b7591e12d}</destination>
		</relationship>
	</object>
	<object class="MixerBusPanner" id="{ec3712bd-a7b1-4e12-bdb2-273ada7cbfe8}" />
	<object class="SFXReverbEffect" id="{213d8f2d-5db0-4529-8734-c9b28a2a552b}">
		<property name="wetLevel">
			<value>0</value>
		</property>
		<property name="dryLevel">
			<value>-80</value>
		</property>
	</object>
	<object class="MixerBusFader" id="{2012a217-030a-4dbe-a891-bb0b7591e12d}" />
</objects>
