<?xml version="1.0" encoding="UTF-8"?>
<objects serializationModel="Studio.02.00.00">
	<object class="AudioFile" id="{0686c0ab-ed67-4f6b-88b7-25e62e6aff69}">
		<property name="assetPath">
			<value>SFX/object_sound/sandbag.wav</value>
		</property>
		<property name="frequencyInKHz">
			<value>48</value>
		</property>
		<property name="channelCount">
			<value>2</value>
		</property>
		<property name="length">
			<value>1.6299166666666667</value>
		</property>
		<relationship name="masterAssetFolder">
			<destination>{c70e4027-5e53-4152-84dc-83c622228740}</destination>
		</relationship>
	</object>
</objects>
