<?xml version="1.0" encoding="UTF-8"?>
<objects serializationModel="Studio.02.00.00">
	<object class="AudioFile" id="{4e6dc45a-51b0-4ffa-9a5e-b8b37cd6aee8}">
		<property name="assetPath">
			<value>SFX/player_sound/movement.wav</value>
		</property>
		<property name="frequencyInKHz">
			<value>48</value>
		</property>
		<property name="channelCount">
			<value>2</value>
		</property>
		<property name="length">
			<value>6.2047499999999998</value>
		</property>
		<relationship name="masterAssetFolder">
			<destination>{c70e4027-5e53-4152-84dc-83c622228740}</destination>
		</relationship>
	</object>
</objects>
