<?xml version="1.0" encoding="UTF-8"?>
<objects serializationModel="Studio.02.00.00">
	<object class="AudioFile" id="{ec72e9db-af06-4b8e-9443-70ddcaa9f616}">
		<property name="assetPath">
			<value>SFX/object_sound/bellfall_25.wav</value>
		</property>
		<property name="frequencyInKHz">
			<value>48</value>
		</property>
		<property name="channelCount">
			<value>2</value>
		</property>
		<property name="length">
			<value>3.7000000000000002</value>
		</property>
		<relationship name="masterAssetFolder">
			<destination>{c70e4027-5e53-4152-84dc-83c622228740}</destination>
		</relationship>
	</object>
</objects>
