<?xml version="1.0" encoding="UTF-8"?>
<objects serializationModel="Studio.02.00.00">
	<object class="Event" id="{6a0a7f72-3ea3-4fb3-b8b5-b7b6030ddcfc}">
		<property name="name">
			<value>bellchime</value>
		</property>
		<property name="outputFormat">
			<value>1</value>
		</property>
		<relationship name="folder">
			<destination>{76a2ff23-d101-4f14-ac58-0939d6045f89}</destination>
		</relationship>
		<relationship name="mixer">
			<destination>{5298b962-8bac-498d-a72c-92a42b269cf0}</destination>
		</relationship>
		<relationship name="masterTrack">
			<destination>{809fe5e9-ac59-4ffd-9e4f-3ab752bc97c5}</destination>
		</relationship>
		<relationship name="mixerInput">
			<destination>{5b8954d6-690c-43a9-8958-1054f5caa4e9}</destination>
		</relationship>
		<relationship name="automatableProperties">
			<destination>{4ba7781b-98fe-48e1-b2fe-51400087cd90}</destination>
		</relationship>
		<relationship name="markerTracks">
			<destination>{91b611b8-ef1c-4acb-8f1b-91945202f842}</destination>
		</relationship>
		<relationship name="groupTracks">
			<destination>{28475bfc-367c-4900-94f4-81c6a52e4417}</destination>
		</relationship>
		<relationship name="timeline">
			<destination>{98d531db-4b98-4627-a202-b37661972519}</destination>
		</relationship>
		<relationship name="banks">
			<destination>{2ed00613-7f54-4937-9161-2193a507b5fd}</destination>
		</relationship>
	</object>
	<object class="EventMixer" id="{5298b962-8bac-498d-a72c-92a42b269cf0}">
		<relationship name="masterBus">
			<destination>{eb4dedd5-db54-41da-b72c-104a2ecc7fa4}</destination>
		</relationship>
	</object>
	<object class="MasterTrack" id="{809fe5e9-ac59-4ffd-9e4f-3ab752bc97c5}">
		<relationship name="mixerGroup">
			<destination>{eb4dedd5-db54-41da-b72c-104a2ecc7fa4}</destination>
		</relationship>
	</object>
	<object class="MixerInput" id="{5b8954d6-690c-43a9-8958-1054f5caa4e9}">
		<relationship name="effectChain">
			<destination>{f29836b5-feaa-44d8-9b8d-b0f5895ca2f3}</destination>
		</relationship>
		<relationship name="panner">
			<destination>{97ac0442-5ea6-4fc7-aa3b-b084c7b099b9}</destination>
		</relationship>
		<relationship name="output">
			<destination>{fcd79c83-9516-4744-82cb-084c1d08ba2e}</destination>
		</relationship>
	</object>
	<object class="EventAutomatableProperties" id="{4ba7781b-98fe-48e1-b2fe-51400087cd90}" />
	<object class="MarkerTrack" id="{91b611b8-ef1c-4acb-8f1b-91945202f842}" />
	<object class="GroupTrack" id="{28475bfc-367c-4900-94f4-81c6a52e4417}">
		<relationship name="modules">
			<destination>{79ac9d35-b3d5-4413-af63-bec3754c55e2}</destination>
		</relationship>
		<relationship name="mixerGroup">
			<destination>{93ebff0d-2516-4fe9-82c4-ce4e146db186}</destination>
		</relationship>
	</object>
	<object class="Timeline" id="{98d531db-4b98-4627-a202-b37661972519}">
		<relationship name="modules">
			<destination>{79ac9d35-b3d5-4413-af63-bec3754c55e2}</destination>
		</relationship>
	</object>
	<object class="EventMixerMaster" id="{eb4dedd5-db54-41da-b72c-104a2ecc7fa4}">
		<relationship name="effectChain">
			<destination>{e0d4ee05-86e4-49be-a557-e60c596e6ef4}</destination>
		</relationship>
		<relationship name="panner">
			<destination>{3bea98bf-fbcf-4065-864a-fd46bc96c79b}</destination>
		</relationship>
		<relationship name="mixer">
			<destination>{5298b962-8bac-498d-a72c-92a42b269cf0}</destination>
		</relationship>
	</object>
	<object class="MixerBusEffectChain" id="{f29836b5-feaa-44d8-9b8d-b0f5895ca2f3}">
		<relationship name="effects">
			<destination>{267bbd7f-0f0e-475d-bbd7-caac7c9f55d8}</destination>
		</relationship>
	</object>
	<object class="MixerBusPanner" id="{97ac0442-5ea6-4fc7-aa3b-b084c7b099b9}" />
	<object class="SingleSound" id="{79ac9d35-b3d5-4413-af63-bec3754c55e2}">
		<property name="length">
			<value>19.806000000000001</value>
		</property>
		<relationship name="audioFile">
			<destination>{bba6a58d-4cc8-40c9-bfa3-2d56d09d0189}</destination>
		</relationship>
	</object>
	<object class="EventMixerGroup" id="{93ebff0d-2516-4fe9-82c4-ce4e146db186}">
		<property name="volume">
			<value>-6</value>
		</property>
		<property name="name">
			<value>bellchime</value>
		</property>
		<relationship name="effectChain">
			<destination>{a58cba17-4461-407f-854a-f1bf8985e6f3}</destination>
		</relationship>
		<relationship name="panner">
			<destination>{448d75a1-ffaa-4d99-a294-91a6dddf2208}</destination>
		</relationship>
		<relationship name="output">
			<destination>{eb4dedd5-db54-41da-b72c-104a2ecc7fa4}</destination>
		</relationship>
	</object>
	<object class="MixerBusEffectChain" id="{e0d4ee05-86e4-49be-a557-e60c596e6ef4}">
		<relationship name="effects">
			<destination>{3e71189b-1be3-4cad-84a4-37e89c383de8}</destination>
		</relationship>
	</object>
	<object class="MixerBusPanner" id="{3bea98bf-fbcf-4065-864a-fd46bc96c79b}" />
	<object class="MixerBusFader" id="{267bbd7f-0f0e-475d-bbd7-caac7c9f55d8}" />
	<object class="MixerBusEffectChain" id="{a58cba17-4461-407f-854a-f1bf8985e6f3}">
		<relationship name="effects">
			<destination>{cee7bcb2-b68a-49db-a905-0e3dd6a5b0f4}</destination>
		</relationship>
	</object>
	<object class="MixerBusPanner" id="{448d75a1-ffaa-4d99-a294-91a6dddf2208}" />
	<object class="MixerBusFader" id="{3e71189b-1be3-4cad-84a4-37e89c383de8}" />
	<object class="MixerBusFader" id="{cee7bcb2-b68a-49db-a905-0e3dd6a5b0f4}" />
</objects>
