<?xml version="1.0" encoding="UTF-8"?>
<objects serializationModel="Studio.02.00.00">
	<object class="Event" id="{8887ef89-4ee2-4430-a6ed-cb77a8bf0a6d}">
		<property name="name">
			<value>ambience</value>
		</property>
		<property name="outputFormat">
			<value>1</value>
		</property>
		<relationship name="folder">
			<destination>{d54b3f5d-8e8f-4370-ba6f-9c8a7e32dc1b}</destination>
		</relationship>
		<relationship name="mixer">
			<destination>{09a3d890-d472-4000-9720-cb4438c4e657}</destination>
		</relationship>
		<relationship name="masterTrack">
			<destination>{a5b306c1-2396-48e1-b74f-81078cc4bc04}</destination>
		</relationship>
		<relationship name="mixerInput">
			<destination>{5f21de1b-397f-49ca-81ac-33cba838cbd9}</destination>
		</relationship>
		<relationship name="automatableProperties">
			<destination>{35f95414-fbc9-4217-abd4-d9cf9bbca633}</destination>
		</relationship>
		<relationship name="markerTracks">
			<destination>{afe0fb44-63eb-49bc-b75f-725d0335d065}</destination>
		</relationship>
		<relationship name="groupTracks">
			<destination>{5f5e15eb-cee2-4b23-993a-0fdde4a00a0f}</destination>
		</relationship>
		<relationship name="timeline">
			<destination>{f6273072-7986-41fe-9d6b-74af304b08e9}</destination>
		</relationship>
		<relationship name="banks">
			<destination>{2ed00613-7f54-4937-9161-2193a507b5fd}</destination>
		</relationship>
	</object>
	<object class="EventMixer" id="{09a3d890-d472-4000-9720-cb4438c4e657}">
		<relationship name="masterBus">
			<destination>{fa0eab72-fec1-4dca-82a4-1564184a11b9}</destination>
		</relationship>
	</object>
	<object class="MasterTrack" id="{a5b306c1-2396-48e1-b74f-81078cc4bc04}">
		<relationship name="mixerGroup">
			<destination>{fa0eab72-fec1-4dca-82a4-1564184a11b9}</destination>
		</relationship>
	</object>
	<object class="MixerInput" id="{5f21de1b-397f-49ca-81ac-33cba838cbd9}">
		<relationship name="effectChain">
			<destination>{fffca684-5e0b-419c-a3ad-b7c9a44f1340}</destination>
		</relationship>
		<relationship name="panner">
			<destination>{1c2298a5-9430-4553-994b-d5517a3726d1}</destination>
		</relationship>
		<relationship name="output">
			<destination>{2a91111f-1960-4e53-a14f-80f3ef754a93}</destination>
		</relationship>
	</object>
	<object class="EventAutomatableProperties" id="{35f95414-fbc9-4217-abd4-d9cf9bbca633}" />
	<object class="MarkerTrack" id="{afe0fb44-63eb-49bc-b75f-725d0335d065}" />
	<object class="GroupTrack" id="{5f5e15eb-cee2-4b23-993a-0fdde4a00a0f}">
		<relationship name="modules">
			<destination>{48353bf6-5391-4deb-9f24-4043ec7b74b4}</destination>
			<destination>{085383b8-2d37-403d-a069-d4f71db09f11}</destination>
		</relationship>
		<relationship name="mixerGroup">
			<destination>{7d65bfa8-f3b4-4597-a6fa-5dd157a967dc}</destination>
		</relationship>
	</object>
	<object class="Timeline" id="{f6273072-7986-41fe-9d6b-74af304b08e9}">
		<relationship name="modules">
			<destination>{48353bf6-5391-4deb-9f24-4043ec7b74b4}</destination>
			<destination>{085383b8-2d37-403d-a069-d4f71db09f11}</destination>
		</relationship>
		<relationship name="markers">
			<destination>{c65d57da-7591-4c9e-b363-1f92b56fa340}</destination>
		</relationship>
	</object>
	<object class="EventMixerMaster" id="{fa0eab72-fec1-4dca-82a4-1564184a11b9}">
		<relationship name="effectChain">
			<destination>{9ccf39ef-1294-4af4-876b-84bf663214a7}</destination>
		</relationship>
		<relationship name="panner">
			<destination>{7618686e-fb6b-4fe5-91cf-0d89dbf2e1e4}</destination>
		</relationship>
		<relationship name="mixer">
			<destination>{09a3d890-d472-4000-9720-cb4438c4e657}</destination>
		</relationship>
	</object>
	<object class="MixerBusEffectChain" id="{fffca684-5e0b-419c-a3ad-b7c9a44f1340}">
		<relationship name="effects">
			<destination>{f96134da-5828-47be-90df-25f4cdd0f498}</destination>
		</relationship>
	</object>
	<object class="MixerBusPanner" id="{1c2298a5-9430-4553-994b-d5517a3726d1}" />
	<object class="SingleSound" id="{48353bf6-5391-4deb-9f24-4043ec7b74b4}">
		<property name="length">
			<value>108</value>
		</property>
		<relationship name="modulators">
			<destination>{e16af0dd-91fb-482f-b759-39059dbd31af}</destination>
		</relationship>
		<relationship name="audioFile">
			<destination>{4f3881c2-22b4-41e8-8f0c-6ea81083a1e3}</destination>
		</relationship>
	</object>
	<object class="SingleSound" id="{085383b8-2d37-403d-a069-d4f71db09f11}">
		<property name="start">
			<value>108</value>
		</property>
		<property name="length">
			<value>108</value>
		</property>
		<relationship name="modulators">
			<destination>{3e081f6b-854b-47ba-b7e5-a20ebcc9ba77}</destination>
		</relationship>
		<relationship name="audioFile">
			<destination>{4f3881c2-22b4-41e8-8f0c-6ea81083a1e3}</destination>
		</relationship>
	</object>
	<object class="EventMixerGroup" id="{7d65bfa8-f3b4-4597-a6fa-5dd157a967dc}">
		<property name="name">
			<value>ambience</value>
		</property>
		<relationship name="effectChain">
			<destination>{6e64bfbb-5a5d-4bd0-8e22-4dcaefa6206e}</destination>
		</relationship>
		<relationship name="panner">
			<destination>{b65401a4-f847-4adc-ac93-f2591fb9d80d}</destination>
		</relationship>
		<relationship name="output">
			<destination>{fa0eab72-fec1-4dca-82a4-1564184a11b9}</destination>
		</relationship>
	</object>
	<object class="LoopRegion" id="{c65d57da-7591-4c9e-b363-1f92b56fa340}">
		<property name="position">
			<value>108</value>
		</property>
		<property name="length">
			<value>108</value>
		</property>
		<relationship name="timeline">
			<destination>{f6273072-7986-41fe-9d6b-74af304b08e9}</destination>
		</relationship>
		<relationship name="markerTrack">
			<destination>{afe0fb44-63eb-49bc-b75f-725d0335d065}</destination>
		</relationship>
	</object>
	<object class="MixerBusEffectChain" id="{9ccf39ef-1294-4af4-876b-84bf663214a7}">
		<relationship name="effects">
			<destination>{000d8e82-79b2-4b44-ad62-36d1b3fdd10a}</destination>
		</relationship>
	</object>
	<object class="MixerBusPanner" id="{7618686e-fb6b-4fe5-91cf-0d89dbf2e1e4}" />
	<object class="MixerBusFader" id="{f96134da-5828-47be-90df-25f4cdd0f498}" />
	<object class="ADSRModulator" id="{e16af0dd-91fb-482f-b759-39059dbd31af}">
		<property name="nameOfPropertyBeingModulated">
			<value>volume</value>
		</property>
		<property name="initialValue">
			<value>-80</value>
		</property>
		<property name="attackTime">
			<value>360</value>
		</property>
		<property name="finalValue">
			<value>-80</value>
		</property>
	</object>
	<object class="ADSRModulator" id="{3e081f6b-854b-47ba-b7e5-a20ebcc9ba77}">
		<property name="nameOfPropertyBeingModulated">
			<value>volume</value>
		</property>
		<property name="initialValue">
			<value>-80</value>
		</property>
		<property name="attackTime">
			<value>0</value>
		</property>
		<property name="releaseTime">
			<value>4000</value>
		</property>
		<property name="finalValue">
			<value>-80</value>
		</property>
	</object>
	<object class="MixerBusEffectChain" id="{6e64bfbb-5a5d-4bd0-8e22-4dcaefa6206e}">
		<relationship name="effects">
			<destination>{a67b7365-db2f-4d0e-bbdc-84e7bd87c8a8}</destination>
		</relationship>
	</object>
	<object class="MixerBusPanner" id="{b65401a4-f847-4adc-ac93-f2591fb9d80d}" />
	<object class="MixerBusFader" id="{000d8e82-79b2-4b44-ad62-36d1b3fdd10a}" />
	<object class="MixerBusFader" id="{a67b7365-db2f-4d0e-bbdc-84e7bd87c8a8}" />
</objects>
